Column1,symboling,normalized_losses,make,fuel_type,aspiration,num_of_doors,body_style,drive_wheels,engine_location,wheel_base,length,width,height,curb_weight,engine_type,num_of_cylinders,engine_size,fuel_system,bore,stroke,compression-ratio,horsepower,peak_rpm,city_mpg,highway_mpg,price,nlimpute,num_doors,num_cylinders,engine_size_cc,power2weight_ratio
1,2,164,audi,gas,std,four,sedan,Front Wheel Drive,front,99.8,176.6,66.2,54.3,2337,ohc,four,109,mpfi,3.19,3.4,10,102,5500,24,30,13950,audi,4,4,1786,0.0436457
2,2,164,audi,gas,std,four,sedan,Four Wheel Drive,front,99.4,176.6,66.4,54.3,2824,ohc,five,136,mpfi,3.19,3.4,8,115,5500,18,22,17450,audi,4,5,2228,0.04072238
3,2,161,audi,gas,std,two,sedan,Front Wheel Drive,front,99.8,177.3,66.3,53.1,2507,ohc,five,136,mpfi,3.19,3.4,8.5,110,5500,19,25,15250,audi,2,5,2228,0.043877144
4,1,158,audi,gas,std,four,sedan,Front Wheel Drive,front,105.8,192.7,71.4,55.7,2844,ohc,five,136,mpfi,3.19,3.4,8.5,110,5500,19,25,17710,audi,4,5,2228,0.038677918
4,1,161,audi,gas,std,four,wagon,Front Wheel Drive,front,105.8,192.7,71.4,55.7,2954,ohc,five,136,mpfi,3.19,3.4,8.5,110,5500,19,25,18920,audi,4,5,2228,0.037237644
5,1,158,audi,gas,turbo,four,sedan,Front Wheel Drive,front,105.8,192.7,71.4,55.9,3086,ohc,five,131,mpfi,3.13,3.4,8.3,140,5500,17,20,23875,audi,4,5,2146,0.04536617
6,0,161,audi,gas,turbo,two,hatchback,Four Wheel Drive,front,99.5,178.2,67.9,52,3053,ohc,five,131,mpfi,3.13,3.4,7,160,5500,16,22,17859.16667,audi,2,5,2146,0.052407468
7,2,192,bmw,gas,std,two,sedan,Rear Wheel Drive,front,101.2,176.8,64.8,54.3,2395,ohc,four,108,mpfi,3.5,2.8,8.8,101,5800,23,29,16430,bmw,2,4,1769,0.04217119
8,0,192,bmw,gas,std,four,sedan,Rear Wheel Drive,front,101.2,176.8,64.8,54.3,2395,ohc,four,108,mpfi,3.5,2.8,8.8,101,5800,23,29,16925,bmw,4,4,1769,0.04217119
9,0,188,bmw,gas,std,two,sedan,Rear Wheel Drive,front,101.2,176.8,64.8,54.3,2710,ohc,six,164,mpfi,3.31,3.19,9,121,4250,21,28,20970,bmw,2,6,2687,0.044649446
10,0,188,bmw,gas,std,four,sedan,Rear Wheel Drive,front,101.2,176.8,64.8,54.3,2765,ohc,six,164,mpfi,3.31,3.19,9,121,4250,21,28,21105,bmw,4,6,2687,0.043761302
11,1,190,bmw,gas,std,four,sedan,Rear Wheel Drive,front,103.5,189,66.9,55.7,3055,ohc,six,164,mpfi,3.31,3.19,9,121,4250,20,25,24565,bmw,4,6,2687,0.039607201
12,0,190,bmw,gas,std,four,sedan,Rear Wheel Drive,front,103.5,189,66.9,55.7,3230,ohc,six,209,mpfi,3.62,3.39,8,182,5400,16,22,30760,bmw,4,6,3424,0.056346749
13,0,190,bmw,gas,std,two,sedan,Rear Wheel Drive,front,103.5,193.8,67.9,53.7,3380,ohc,six,209,mpfi,3.62,3.39,8,182,5400,16,22,41315,bmw,2,6,3424,0.053846154
14,0,190,bmw,gas,std,four,sedan,Rear Wheel Drive,front,110,197,70.9,56.3,3505,ohc,six,209,mpfi,3.62,3.39,8,182,5400,15,20,36880,bmw,4,6,3424,0.05192582
15,2,121,chevrolet,gas,std,two,hatchback,Front Wheel Drive,front,88.4,141.1,60.3,53.2,1488,l,three,61,2bbl,2.91,3.03,9.5,48,5100,47,53,5151,,2,3,999,0.032258065
16,1,98,chevrolet,gas,std,two,hatchback,Front Wheel Drive,front,94.5,155.9,63.6,52,1874,ohc,four,90,2bbl,3.03,3.11,9.6,70,5400,38,43,6295,,2,4,1474,0.037353255
17,0,81,chevrolet,gas,std,four,sedan,Front Wheel Drive,front,94.5,158.8,63.6,52,1909,ohc,four,90,2bbl,3.03,3.11,9.6,70,5400,38,43,6575,,4,4,1474,0.036668413
18,1,118,dodge,gas,std,two,hatchback,Front Wheel Drive,front,93.7,157.3,63.8,50.8,1876,ohc,four,90,2bbl,2.97,3.23,9.41,68,5500,37,41,5572,,2,4,1474,0.036247335
19,1,118,dodge,gas,std,two,hatchback,Front Wheel Drive,front,93.7,157.3,63.8,50.8,1876,ohc,four,90,2bbl,2.97,3.23,9.4,68,5500,31,38,6377,,2,4,1474,0.036247335
20,1,118,dodge,gas,turbo,two,hatchback,Front Wheel Drive,front,93.7,157.3,63.8,50.8,2128,ohc,four,98,mpfi,3.03,3.39,7.6,102,5500,24,30,7957,,2,4,1605,0.047932331
21,1,148,dodge,gas,std,four,hatchback,Front Wheel Drive,front,93.7,157.3,63.8,50.6,1967,ohc,four,90,2bbl,2.97,3.23,9.4,68,5500,31,38,6229,,4,4,1474,0.034570412
22,1,148,dodge,gas,std,four,sedan,Front Wheel Drive,front,93.7,157.3,63.8,50.6,1989,ohc,four,90,2bbl,2.97,3.23,9.4,68,5500,31,38,6692,,4,4,1474,0.034188034
23,1,148,dodge,gas,std,four,sedan,Front Wheel Drive,front,93.7,157.3,63.8,50.6,1989,ohc,four,90,2bbl,2.97,3.23,9.4,68,5500,31,38,7609,,4,4,1474,0.034188034
25,-1,110,dodge,gas,std,four,wagon,Front Wheel Drive,front,103.3,174.6,64.6,59.8,2535,ohc,four,122,2bbl,3.34,3.46,8.5,88,5000,24,30,8921,,4,4,1999,0.034714004
26,3,145,dodge,gas,turbo,two,hatchback,Front Wheel Drive,front,95.9,173.2,66.3,50.2,2811,ohc,four,156,mfi,3.6,3.9,7,145,5000,19,24,12964,,2,4,2556,0.051583067
27,2,137,honda,gas,std,two,hatchback,Front Wheel Drive,front,86.6,144.6,63.9,50.8,1713,ohc,four,92,1bbl,2.91,3.41,9.6,58,4800,49,54,6479,,2,4,1507,0.033858727
28,2,137,honda,gas,std,two,hatchback,Front Wheel Drive,front,86.6,144.6,63.9,50.8,1819,ohc,four,92,1bbl,2.91,3.41,9.2,76,6000,31,38,6855,,2,4,1507,0.041781198
29,1,101,honda,gas,std,two,hatchback,Front Wheel Drive,front,93.7,150,64,52.6,1837,ohc,four,79,1bbl,2.91,3.07,10.1,60,5500,38,42,5399,,2,4,1294,0.032661949
30,1,101,honda,gas,std,two,hatchback,Front Wheel Drive,front,93.7,150,64,52.6,1940,ohc,four,92,1bbl,2.91,3.41,9.2,76,6000,30,34,6529,,2,4,1507,0.039175258
31,1,101,honda,gas,std,two,hatchback,Front Wheel Drive,front,93.7,150,64,52.6,1956,ohc,four,92,1bbl,2.91,3.41,9.2,76,6000,30,34,7129,,2,4,1507,0.038854806
32,0,110,honda,gas,std,four,sedan,Front Wheel Drive,front,96.5,163.4,64,54.5,2010,ohc,four,92,1bbl,2.91,3.41,9.2,76,6000,30,34,7295,,4,4,1507,0.037810945
33,0,78,honda,gas,std,four,wagon,Front Wheel Drive,front,96.5,157.1,63.9,58.3,2024,ohc,four,92,1bbl,2.92,3.41,9.2,76,6000,30,34,7295,,4,4,1507,0.037549407
34,0,106,honda,gas,std,two,hatchback,Front Wheel Drive,front,96.5,167.5,65.2,53.3,2236,ohc,four,110,1bbl,3.15,3.58,9,86,5800,27,33,7895,,2,4,1802,0.038461538
35,0,106,honda,gas,std,two,hatchback,Front Wheel Drive,front,96.5,167.5,65.2,53.3,2289,ohc,four,110,1bbl,3.15,3.58,9,86,5800,27,33,9095,,2,4,1802,0.037570992
36,0,85,honda,gas,std,four,sedan,Front Wheel Drive,front,96.5,175.4,65.2,54.1,2304,ohc,four,110,1bbl,3.15,3.58,9,86,5800,27,33,8845,,4,4,1802,0.037326389
37,0,85,honda,gas,std,four,sedan,Front Wheel Drive,front,96.5,175.4,62.5,54.1,2372,ohc,four,110,1bbl,3.15,3.58,9,86,5800,27,33,10295,,4,4,1802,0.036256324
38,0,85,honda,gas,std,four,sedan,Front Wheel Drive,front,96.5,175.4,65.2,54.1,2465,ohc,four,110,mpfi,3.15,3.58,9,101,5800,24,28,12945,,4,4,1802,0.040973631
39,1,107,honda,gas,std,two,sedan,Front Wheel Drive,front,96.5,169.1,66,51,2293,ohc,four,110,2bbl,3.15,3.58,9.1,100,5500,25,31,10345,,2,4,1802,0.04361099
40,0,145,jaguar,gas,std,four,sedan,Rear Wheel Drive,front,113,199.6,69.6,52.8,4066,dohc,six,258,mpfi,3.63,4.17,8.1,176,4750,15,19,32250,,4,6,4227,0.043285785
41,1,104,mazda,gas,std,two,hatchback,Front Wheel Drive,front,93.1,159.1,64.2,54.1,1890,ohc,four,91,2bbl,3.03,3.15,9,68,5000,30,31,5195,mazda,2,4,1491,0.035978836
42,1,104,mazda,gas,std,two,hatchback,Front Wheel Drive,front,93.1,159.1,64.2,54.1,1900,ohc,four,91,2bbl,3.03,3.15,9,68,5000,31,38,6095,mazda,2,4,1491,0.035789474
43,1,104,mazda,gas,std,two,hatchback,Front Wheel Drive,front,93.1,159.1,64.2,54.1,1905,ohc,four,91,2bbl,3.03,3.15,9,68,5000,31,38,6795,mazda,2,4,1491,0.035695538
44,1,113,mazda,gas,std,four,sedan,Front Wheel Drive,front,93.1,166.8,64.2,54.1,1945,ohc,four,91,2bbl,3.03,3.15,9,68,5000,31,38,6695,mazda,4,4,1491,0.03496144
45,1,113,mazda,gas,std,four,sedan,Front Wheel Drive,front,93.1,166.8,64.2,54.1,1950,ohc,four,91,2bbl,3.08,3.15,9,68,5000,31,38,7395,mazda,4,4,1491,0.034871795
50,1,129,mazda,gas,std,two,hatchback,Front Wheel Drive,front,98.8,177.8,66.5,53.7,2385,ohc,four,122,2bbl,3.39,3.39,8.6,84,4800,26,32,8845,mazda,2,4,1999,0.035220126
51,0,115,mazda,gas,std,four,sedan,Front Wheel Drive,front,98.8,177.8,66.5,55.5,2410,ohc,four,122,2bbl,3.39,3.39,8.6,84,4800,26,32,8495,mazda,4,4,1999,0.034854772
52,1,129,mazda,gas,std,two,hatchback,Front Wheel Drive,front,98.8,177.8,66.5,53.7,2385,ohc,four,122,2bbl,3.39,3.39,8.6,84,4800,26,32,10595,mazda,2,4,1999,0.035220126
53,0,115,mazda,gas,std,four,sedan,Front Wheel Drive,front,98.8,177.8,66.5,55.5,2410,ohc,four,122,2bbl,3.39,3.39,8.6,84,4800,26,32,10245,mazda,4,4,1999,0.034854772
55,0,115,mazda,gas,std,four,hatchback,Front Wheel Drive,front,98.8,177.8,66.5,55.5,2425,ohc,four,122,2bbl,3.39,3.39,8.6,84,4800,26,32,11245,mazda,4,4,1999,0.034639175
56,0,118,mazda,gas,std,four,sedan,Rear Wheel Drive,front,104.9,175,66.1,54.4,2670,ohc,four,140,mpfi,3.76,3.16,8,120,5000,19,27,18280,mazda,4,4,2294,0.04494382
57,0,123.9333333,mazda,diesel,std,four,sedan,Rear Wheel Drive,front,104.9,175,66.1,54.4,2700,ohc,four,134,idi,3.43,3.64,22,72,4200,31,39,18344,mazda,4,4,2195,0.026666667
58,-1,93,mercedes-benz,diesel,turbo,four,sedan,Rear Wheel Drive,front,110,190.9,70.3,56.5,3515,ohc,five,183,idi,3.58,3.64,21.5,123,4350,22,25,25552,mercedes-benz,4,5,2998,0.034992888
59,-1,93,mercedes-benz,diesel,turbo,four,wagon,Rear Wheel Drive,front,110,190.9,70.3,58.7,3750,ohc,five,183,idi,3.58,3.64,21.5,123,4350,22,25,28248,mercedes-benz,4,5,2998,0.0328
60,0,93,mercedes-benz,diesel,turbo,two,hardtop,Rear Wheel Drive,front,106.7,187.5,70.3,54.9,3495,ohc,five,183,idi,3.58,3.64,21.5,123,4350,22,25,28176,mercedes-benz,2,5,2998,0.035193133
61,-1,93,mercedes-benz,diesel,turbo,four,sedan,Rear Wheel Drive,front,115.6,202.6,71.7,56.3,3770,ohc,five,183,idi,3.58,3.64,21.5,123,4350,22,25,31600,mercedes-benz,4,5,2998,0.032625995
62,-1,102.8,mercedes-benz,gas,std,four,sedan,Rear Wheel Drive,front,115.6,202.6,71.7,56.5,3740,ohcv,eight,234,mpfi,3.46,3.1,8.3,155,4750,16,18,34184,mercedes-benz,4,8,3834,0.04144385
63,3,142,mercedes-benz,gas,std,two,convertible,Rear Wheel Drive,front,96.6,180.3,70.5,50.8,3685,ohcv,eight,234,mpfi,3.46,3.1,8.3,155,4750,16,18,35056,mercedes-benz,2,8,3834,0.042062415
64,0,102.8,mercedes-benz,gas,std,four,sedan,Rear Wheel Drive,front,120.9,208.1,71.7,56.7,3900,ohcv,eight,308,mpfi,3.8,3.35,8,184,4500,14,16,40960,mercedes-benz,4,8,5047,0.047179487
65,1,102.8,mercedes-benz,gas,std,two,hardtop,Rear Wheel Drive,front,112,199.2,72,55.4,3715,ohcv,eight,304,mpfi,3.8,3.35,8,184,4500,14,16,45400,mercedes-benz,2,8,4981,0.049528937
66,2,161,mitsubishi,gas,std,two,hatchback,Front Wheel Drive,front,93.7,157.3,64.4,50.8,1918,ohc,four,92,2bbl,2.97,3.23,9.4,68,5500,37,41,5389,mitsubishi,2,4,1507,0.035453597
67,2,161,mitsubishi,gas,std,two,hatchback,Front Wheel Drive,front,93.7,157.3,64.4,50.8,1944,ohc,four,92,2bbl,2.97,3.23,9.4,68,5500,31,38,6189,mitsubishi,2,4,1507,0.034979424
68,2,161,mitsubishi,gas,std,two,hatchback,Front Wheel Drive,front,93.7,157.3,64.4,50.8,2004,ohc,four,92,2bbl,2.97,3.23,9.4,68,5500,31,38,6669,mitsubishi,2,4,1507,0.033932136
69,1,161,mitsubishi,gas,turbo,two,hatchback,Front Wheel Drive,front,93,157.3,63.8,50.8,2145,ohc,four,98,spdi,3.03,3.39,7.6,102,5500,24,30,7689,mitsubishi,2,4,1605,0.047552448
70,3,153,mitsubishi,gas,turbo,two,hatchback,Front Wheel Drive,front,96.3,173,65.4,49.4,2370,ohc,four,110,spdi,3.17,3.46,7.5,116,5500,23,30,9959,mitsubishi,2,4,1802,0.048945148
71,3,153,mitsubishi,gas,std,two,hatchback,Front Wheel Drive,front,96.3,173,65.4,49.4,2328,ohc,four,122,2bbl,3.35,3.46,8.5,88,5000,25,32,8499,mitsubishi,2,4,1999,0.037800687
72,3,146.2,mitsubishi,gas,turbo,two,hatchback,Front Wheel Drive,front,95.9,173.2,66.3,50.2,2833,ohc,four,156,spdi,3.58,3.86,7,145,5000,19,24,12629,mitsubishi,2,4,2556,0.051182492
73,3,146.2,mitsubishi,gas,turbo,two,hatchback,Front Wheel Drive,front,95.9,173.2,66.3,50.2,2921,ohc,four,156,spdi,3.59,3.86,7,145,5000,19,24,14869,mitsubishi,2,4,2556,0.049640534
74,3,146.2,mitsubishi,gas,turbo,two,hatchback,Front Wheel Drive,front,95.9,173.2,66.3,50.2,2926,ohc,four,156,spdi,3.59,3.86,7,145,5000,19,24,14489,mitsubishi,2,4,2556,0.049555707
75,1,125,mitsubishi,gas,std,four,sedan,Front Wheel Drive,front,96.3,172.4,65.4,51.6,2365,ohc,four,122,2bbl,3.35,3.46,8.5,88,5000,25,32,6989,mitsubishi,4,4,1999,0.037209302
76,1,125,mitsubishi,gas,std,four,sedan,Front Wheel Drive,front,96.3,172.4,65.4,51.6,2405,ohc,four,122,2bbl,3.35,3.46,8.5,88,5000,25,32,8189,mitsubishi,4,4,1999,0.036590437
77,1,125,mitsubishi,gas,turbo,four,sedan,Front Wheel Drive,front,96.3,172.4,65.4,51.6,2403,ohc,four,110,spdi,3.17,3.46,7.5,116,5500,23,30,9279,mitsubishi,4,4,1802,0.048272992
78,-1,137,mitsubishi,gas,std,four,sedan,Front Wheel Drive,front,96.3,172.4,65.4,51.6,2403,ohc,four,110,spdi,3.17,3.46,7.5,116,5500,23,30,9279,mitsubishi,4,4,1802,0.048272992
79,1,128,nissan,gas,std,two,sedan,Front Wheel Drive,front,94.5,165.3,63.8,54.5,1889,ohc,four,97,2bbl,3.15,3.29,9.4,69,5200,31,37,5499,,2,4,1589,0.036527263
80,1,128,nissan,diesel,std,two,sedan,Front Wheel Drive,front,94.5,165.3,63.8,54.5,2017,ohc,four,103,idi,2.99,3.47,21.9,55,4800,45,50,7099,,2,4,1687,0.02726822
81,1,128,nissan,gas,std,two,sedan,Front Wheel Drive,front,94.5,165.3,63.8,54.5,1918,ohc,four,97,2bbl,3.15,3.29,9.4,69,5200,31,37,6649,,2,4,1589,0.035974974
82,1,122,nissan,gas,std,four,sedan,Front Wheel Drive,front,94.5,165.3,63.8,54.5,1938,ohc,four,97,2bbl,3.15,3.29,9.4,69,5200,31,37,6849,,4,4,1589,0.035603715
83,1,103,nissan,gas,std,four,wagon,Front Wheel Drive,front,94.5,170.2,63.8,53.5,2024,ohc,four,97,2bbl,3.15,3.29,9.4,69,5200,31,37,7349,,4,4,1589,0.034090909
84,1,128,nissan,gas,std,two,sedan,Front Wheel Drive,front,94.5,165.3,63.8,54.5,1951,ohc,four,97,2bbl,3.15,3.29,9.4,69,5200,31,37,7299,,2,4,1589,0.035366479
85,1,128,nissan,gas,std,two,hatchback,Front Wheel Drive,front,94.5,165.6,63.8,53.3,2028,ohc,four,97,2bbl,3.15,3.29,9.4,69,5200,31,37,7799,,2,4,1589,0.034023669
86,1,122,nissan,gas,std,four,sedan,Front Wheel Drive,front,94.5,165.3,63.8,54.5,1971,ohc,four,97,2bbl,3.15,3.29,9.4,69,5200,31,37,7499,,4,4,1589,0.03500761
87,1,103,nissan,gas,std,four,wagon,Front Wheel Drive,front,94.5,170.2,63.8,53.5,2037,ohc,four,97,2bbl,3.15,3.29,9.4,69,5200,31,37,7999,,4,4,1589,0.033873343
88,2,168,nissan,gas,std,two,hardtop,Front Wheel Drive,front,95.1,162.4,63.8,53.3,2008,ohc,four,97,2bbl,3.15,3.29,9.4,69,5200,31,37,8249,,2,4,1589,0.03436255
89,0,106,nissan,gas,std,four,hatchback,Front Wheel Drive,front,97.2,173.4,65.2,54.7,2324,ohc,four,120,2bbl,3.33,3.47,8.5,97,5200,27,34,8949,,4,4,1966,0.041738382
90,0,106,nissan,gas,std,four,sedan,Front Wheel Drive,front,97.2,173.4,65.2,54.7,2302,ohc,four,120,2bbl,3.33,3.47,8.5,97,5200,27,34,9549,,4,4,1966,0.042137272
91,0,128,nissan,gas,std,four,sedan,Front Wheel Drive,front,100.4,181.7,66.5,55.1,3095,ohcv,six,181,mpfi,3.43,3.27,9,152,5200,17,22,13499,,4,6,2966,0.04911147
92,0,108,nissan,gas,std,four,wagon,Front Wheel Drive,front,100.4,184.6,66.5,56.1,3296,ohcv,six,181,mpfi,3.43,3.27,9,152,5200,17,22,14399,,4,6,2966,0.046116505
93,0,108,nissan,gas,std,four,sedan,Front Wheel Drive,front,100.4,184.6,66.5,55.1,3060,ohcv,six,181,mpfi,3.43,3.27,9,152,5200,19,25,13499,,4,6,2966,0.049673203
94,3,194,nissan,gas,std,two,hatchback,Rear Wheel Drive,front,91.3,170.7,67.9,49.7,3071,ohcv,six,181,mpfi,3.43,3.27,9,160,5200,19,25,17199,,2,6,2966,0.052100293
95,3,194,nissan,gas,turbo,two,hatchback,Rear Wheel Drive,front,91.3,170.7,67.9,49.7,3139,ohcv,six,181,mpfi,3.43,3.27,7.8,200,5200,17,23,19699,,2,6,2966,0.063714559
96,1,231,nissan,gas,std,two,hatchback,Rear Wheel Drive,front,99.2,178.5,67.9,49.7,3139,ohcv,six,181,mpfi,3.43,3.27,9,160,5200,19,25,18399,,2,6,2966,0.050971647
97,0,161,peugot,gas,std,four,sedan,Rear Wheel Drive,front,107.9,186.7,68.4,56.7,3020,l,four,120,mpfi,3.46,3.19,8.4,97,5000,19,24,11900,peugot,4,4,1966,0.032119205
98,0,161,peugot,diesel,turbo,four,sedan,Rear Wheel Drive,front,107.9,186.7,68.4,56.7,3197,l,four,152,idi,3.7,3.52,21,95,4150,28,33,13200,peugot,4,4,2490,0.029715358
99,0,161,peugot,gas,std,four,wagon,Rear Wheel Drive,front,114.2,198.9,68.4,58.7,3230,l,four,120,mpfi,3.46,3.19,8.4,97,5000,19,24,12440,peugot,4,4,1966,0.03003096
100,0,161,peugot,diesel,turbo,four,wagon,Rear Wheel Drive,front,114.2,198.9,68.4,58.7,3430,l,four,152,idi,3.7,3.52,21,95,4150,25,25,13860,peugot,4,4,2490,0.027696793
101,0,161,peugot,gas,std,four,sedan,Rear Wheel Drive,front,107.9,186.7,68.4,56.7,3075,l,four,120,mpfi,3.46,2.19,8.4,95,5000,19,24,15580,peugot,4,4,1966,0.030894309
102,0,161,peugot,diesel,turbo,four,sedan,Rear Wheel Drive,front,107.9,186.7,68.4,56.7,3252,l,four,152,idi,3.7,3.52,21,95,4150,28,33,16900,peugot,4,4,2490,0.029212792
103,0,161,peugot,gas,std,four,wagon,Rear Wheel Drive,front,114.2,198.9,68.4,56.7,3285,l,four,120,mpfi,3.46,2.19,8.4,95,5000,19,24,16695,peugot,4,4,1966,0.02891933
104,0,161,peugot,diesel,turbo,four,wagon,Rear Wheel Drive,front,114.2,198.9,68.4,58.7,3485,l,four,152,idi,3.7,3.52,21,95,4150,25,25,17075,peugot,4,4,2490,0.027259684
105,0,161,peugot,gas,std,four,sedan,Rear Wheel Drive,front,107.9,186.7,68.4,56.7,3075,l,four,120,mpfi,3.46,3.19,8.4,97,5000,19,24,16630,peugot,4,4,1966,0.031544715
106,0,161,peugot,diesel,turbo,four,sedan,Rear Wheel Drive,front,107.9,186.7,68.4,56.7,3252,l,four,152,idi,3.7,3.52,21,95,4150,28,33,17950,peugot,4,4,2490,0.029212792
107,0,161,peugot,gas,turbo,four,sedan,Rear Wheel Drive,front,108,186.7,68.3,56,3130,l,four,134,mpfi,3.61,3.21,7,142,5600,18,24,18150,peugot,4,4,2195,0.045367412
108,1,119,plymouth,gas,std,two,hatchback,Front Wheel Drive,front,93.7,157.3,63.8,50.8,1918,ohc,four,90,2bbl,2.97,3.23,9.4,68,5500,37,41,5572,plymouth,2,4,1474,0.035453597
109,1,119,plymouth,gas,turbo,two,hatchback,Front Wheel Drive,front,93.7,157.3,63.8,50.8,2128,ohc,four,98,spdi,3.03,3.39,7.6,102,5500,24,30,7957,plymouth,2,4,1605,0.047932331
110,1,154,plymouth,gas,std,four,hatchback,Front Wheel Drive,front,93.7,157.3,63.8,50.6,1967,ohc,four,90,2bbl,2.97,3.23,9.4,68,5500,31,38,6229,plymouth,4,4,1474,0.034570412
111,1,154,plymouth,gas,std,four,sedan,Front Wheel Drive,front,93.7,167.3,63.8,50.8,1989,ohc,four,90,2bbl,2.97,3.23,9.4,68,5500,31,38,6692,plymouth,4,4,1474,0.034188034
112,1,154,plymouth,gas,std,four,sedan,Front Wheel Drive,front,93.7,167.3,63.8,50.8,2191,ohc,four,98,2bbl,2.97,3.23,9.4,68,5500,31,38,7609,plymouth,4,4,1605,0.031036057
113,-1,74,plymouth,gas,std,four,wagon,Front Wheel Drive,front,103.3,174.6,64.6,59.8,2535,ohc,four,122,2bbl,3.35,3.46,8.5,88,5000,24,30,8921,plymouth,4,4,1999,0.034714004
114,3,129,plymouth,gas,turbo,two,hatchback,Rear Wheel Drive,front,95.9,173.2,66.3,50.2,2818,ohc,four,156,spdi,3.59,3.86,7,145,5000,19,24,12764,plymouth,2,4,2556,0.051454933
115,3,186,porsche,gas,std,two,hatchback,Rear Wheel Drive,front,94.5,168.9,68.3,50.2,2778,ohc,four,151,mpfi,3.94,3.11,9.5,143,5500,19,27,22018,,2,4,2474,0.051475882
116,3,150,saab,gas,std,two,hatchback,Front Wheel Drive,front,99.1,186.6,66.5,56.1,2658,ohc,four,121,mpfi,3.54,3.07,9.31,110,5250,21,28,11850,,2,4,1982,0.0413845
117,2,104,saab,gas,std,four,sedan,Front Wheel Drive,front,99.1,186.6,66.5,56.1,2695,ohc,four,121,mpfi,3.54,3.07,9.3,110,5250,21,28,12170,,4,4,1982,0.040816327
118,3,150,saab,gas,std,two,hatchback,Front Wheel Drive,front,99.1,186.6,66.5,56.1,2707,ohc,four,121,mpfi,2.54,2.07,9.3,110,5250,21,28,15040,,2,4,1982,0.04063539
119,2,104,saab,gas,std,four,sedan,Front Wheel Drive,front,99.1,186.6,66.5,56.1,2758,ohc,four,121,mpfi,3.54,3.07,9.3,110,5250,21,28,15510,,4,4,1982,0.039883974
120,3,150,saab,gas,turbo,two,hatchback,Front Wheel Drive,front,99.1,186.6,66.5,56.1,2808,dohc,four,121,mpfi,3.54,3.07,9,160,5500,19,26,18150,,2,4,1982,0.056980057
121,2,104,saab,gas,turbo,four,sedan,Front Wheel Drive,front,99.1,186.6,66.5,56.1,2847,dohc,four,121,mpfi,3.54,3.07,9,160,5500,19,26,18620,,4,4,1982,0.056199508
122,2,83,subaru,gas,std,two,hatchback,Front Wheel Drive,front,93.7,156.9,63.4,53.7,2050,ohcf,four,97,2bbl,3.62,2.36,9,69,4900,31,36,5118,,2,4,1589,0.033658537
123,2,83,subaru,gas,std,two,hatchback,Front Wheel Drive,front,93.7,157.9,63.6,53.7,2120,ohcf,four,108,2bbl,3.62,2.64,8.7,73,4400,26,31,7053,,2,4,1769,0.034433962
124,2,83,subaru,gas,std,two,hatchback,Four Wheel Drive,front,93.3,157.3,63.8,55.7,2240,ohcf,four,108,2bbl,3.62,2.64,8.7,73,4400,26,31,7603,,2,4,1769,0.032589286
125,0,102,subaru,gas,std,four,sedan,Front Wheel Drive,front,97.2,172,65.4,52.5,2145,ohcf,four,108,2bbl,3.62,2.64,9.5,82,4800,32,37,7126,,4,4,1769,0.038228438
126,0,102,subaru,gas,std,four,sedan,Front Wheel Drive,front,97.2,172,65.4,52.5,2190,ohcf,four,108,2bbl,3.62,2.64,9.5,82,4400,28,33,7775,,4,4,1769,0.037442922
127,0,102,subaru,gas,std,four,sedan,Front Wheel Drive,front,97.2,172,65.4,52.5,2340,ohcf,four,108,mpfi,3.62,2.64,9,94,5200,26,32,9960,,4,4,1769,0.04017094
128,0,102,subaru,gas,std,four,sedan,Four Wheel Drive,front,97,172,65.4,54.3,2385,ohcf,four,108,2bbl,3.62,2.64,9,82,4800,24,25,9233,,4,4,1769,0.034381551
129,0,102,subaru,gas,turbo,four,sedan,Four Wheel Drive,front,97,172,65.4,54.3,2510,ohcf,four,108,mpfi,3.62,2.64,7.7,111,4800,24,29,11259,,4,4,1769,0.044223108
130,0,89,subaru,gas,std,four,wagon,Front Wheel Drive,front,97,173.5,65.4,53,2290,ohcf,four,108,2bbl,3.62,2.64,9,82,4800,28,32,7463,,4,4,1769,0.03580786
131,0,89,subaru,gas,std,four,wagon,Front Wheel Drive,front,97,173.5,65.4,53,2455,ohcf,four,108,mpfi,3.62,2.64,9,94,5200,25,31,10198,,4,4,1769,0.038289206
132,0,85,subaru,gas,std,four,wagon,Four Wheel Drive,front,96.9,173.6,65.4,54.9,2420,ohcf,four,108,2bbl,3.62,2.64,9,82,4800,23,29,8013,,4,4,1769,0.033884298
133,0,85,subaru,gas,turbo,four,wagon,Four Wheel Drive,front,96.9,173.6,65.4,54.9,2650,ohcf,four,108,mpfi,3.62,2.64,7.7,111,4800,23,23,11694,,4,4,1769,0.041886792
134,1,87,toyota,gas,std,two,hatchback,Front Wheel Drive,front,95.7,158.7,63.6,54.5,1985,ohc,four,92,2bbl,3.05,3.03,9,62,4800,35,39,5348,toyota,2,4,1507,0.031234257
135,1,87,toyota,gas,std,two,hatchback,Front Wheel Drive,front,95.7,158.7,63.6,54.5,2040,ohc,four,92,2bbl,3.05,3.03,9,62,4800,31,38,6338,toyota,2,4,1507,0.030392157
136,1,74,toyota,gas,std,four,hatchback,Front Wheel Drive,front,95.7,158.7,63.6,54.5,2015,ohc,four,92,2bbl,3.05,3.03,9,62,4800,31,38,6488,toyota,4,4,1507,0.030769231
137,0,77,toyota,gas,std,four,wagon,Front Wheel Drive,front,95.7,169.7,63.6,59.1,2280,ohc,four,92,2bbl,3.05,3.03,9,62,4800,31,37,6918,toyota,4,4,1507,0.027192982
138,0,81,toyota,gas,std,four,wagon,Four Wheel Drive,front,95.7,169.7,63.6,59.1,2290,ohc,four,92,2bbl,3.05,3.03,9,62,4800,27,32,7898,toyota,4,4,1507,0.027074236
139,0,91,toyota,gas,std,four,wagon,Four Wheel Drive,front,95.7,169.7,63.6,59.1,3110,ohc,four,92,2bbl,3.05,3.03,9,62,4800,27,32,8778,toyota,4,4,1507,0.019935691
140,0,91,toyota,gas,std,four,sedan,Front Wheel Drive,front,95.7,166.3,64.4,53,2081,ohc,four,98,2bbl,3.19,3.03,9,70,4800,30,37,6938,toyota,4,4,1605,0.033637674
141,0,91,toyota,gas,std,four,hatchback,Front Wheel Drive,front,95.7,166.3,64.4,52.8,2109,ohc,four,98,2bbl,3.19,3.03,9,70,4800,30,37,7198,toyota,4,4,1605,0.033191086
142,0,91,toyota,diesel,std,four,sedan,Front Wheel Drive,front,95.7,166.3,64.4,53,2275,ohc,four,110,idi,3.27,3.35,22.5,56,4500,34,36,7898,toyota,4,4,1802,0.024615385
143,0,91,toyota,diesel,std,four,hatchback,Front Wheel Drive,front,95.7,166.3,64.4,52.8,2275,ohc,four,110,idi,3.27,3.35,22.5,56,4500,38,47,7788,toyota,4,4,1802,0.024615385
144,0,91,toyota,gas,std,four,sedan,Front Wheel Drive,front,95.7,166.3,64.4,53,2094,ohc,four,98,2bbl,3.19,3.03,9,70,4800,38,47,7738,toyota,4,4,1605,0.033428844
145,0,91,toyota,gas,std,four,hatchback,Front Wheel Drive,front,95.7,166.3,64.4,52.8,2122,ohc,four,98,2bbl,3.19,3.03,9,70,4800,28,34,8358,toyota,4,4,1605,0.032987747
146,0,91,toyota,gas,std,four,sedan,Front Wheel Drive,front,95.7,166.3,64.4,52.8,2140,ohc,four,98,2bbl,3.19,3.03,9,70,4800,28,34,9258,toyota,4,4,1605,0.03271028
147,1,168,toyota,gas,std,two,sedan,Rear Wheel Drive,front,94.5,168.7,64,52.6,2169,ohc,four,98,2bbl,3.19,3.03,9,70,4800,29,34,8058,toyota,2,4,1605,0.032272937
148,1,168,toyota,gas,std,two,hatchback,Rear Wheel Drive,front,94.5,168.7,64,52.6,2204,ohc,four,98,2bbl,3.19,3.03,9,70,4800,29,34,8238,toyota,2,4,1605,0.031760436
149,1,168,toyota,gas,std,two,sedan,Rear Wheel Drive,front,94.5,168.7,64,52.6,2265,dohc,four,98,mpfi,3.24,3.08,9.4,112,6600,26,29,9298,toyota,2,4,1605,0.049448124
150,1,168,toyota,gas,std,two,hatchback,Rear Wheel Drive,front,94.5,168.7,64,52.6,2300,dohc,four,98,mpfi,3.24,3.08,9.4,112,6600,26,29,9538,toyota,2,4,1605,0.048695652
151,2,134,toyota,gas,std,two,hardtop,Rear Wheel Drive,front,98.4,176.2,65.6,52,2540,ohc,four,146,mpfi,3.62,3.5,9.3,116,4800,24,30,8449,toyota,2,4,2392,0.045669291
152,2,134,toyota,gas,std,two,hardtop,Rear Wheel Drive,front,98.4,176.2,65.6,52,2536,ohc,four,146,mpfi,3.62,3.5,9.3,116,4800,24,30,9639,toyota,2,4,2392,0.045741325
153,2,134,toyota,gas,std,two,hatchback,Rear Wheel Drive,front,98.4,176.2,65.6,52,2551,ohc,four,146,mpfi,3.62,3.5,9.3,116,4800,24,30,9989,toyota,2,4,2392,0.045472364
154,2,134,toyota,gas,std,two,hardtop,Rear Wheel Drive,front,98.4,176.2,65.6,52,2679,ohc,four,146,mpfi,3.62,3.5,9.3,116,4800,24,30,11199,toyota,2,4,2392,0.043299739
155,2,134,toyota,gas,std,two,hatchback,Rear Wheel Drive,front,98.4,176.2,65.6,52,2714,ohc,four,146,mpfi,3.62,3.5,9.3,116,4800,24,30,11549,toyota,2,4,2392,0.042741341
156,2,134,toyota,gas,std,two,convertible,Rear Wheel Drive,front,98.4,176.2,65.6,53,2975,ohc,four,146,mpfi,3.62,3.5,9.3,116,4800,24,30,17669,toyota,2,4,2392,0.038991597
157,-1,65,toyota,gas,std,four,sedan,Front Wheel Drive,front,102.4,175.6,66.5,54.9,2326,ohc,four,122,mpfi,3.31,3.54,8.7,92,4200,29,34,8948,toyota,4,4,1999,0.03955288
158,-1,65,toyota,diesel,turbo,four,sedan,Front Wheel Drive,front,102.4,175.6,66.5,54.9,2480,ohc,four,110,idi,3.27,3.35,22.5,73,4500,30,33,10698,toyota,4,4,1802,0.029435484
159,-1,65,toyota,gas,std,four,hatchback,Front Wheel Drive,front,102.4,175.6,66.5,53.9,2414,ohc,four,122,mpfi,3.31,3.54,8.7,92,4200,27,32,9988,toyota,4,4,1999,0.038111019
160,-1,65,toyota,gas,std,four,sedan,Front Wheel Drive,front,102.4,175.6,66.5,54.9,2414,ohc,four,122,mpfi,3.31,3.54,8.7,92,4200,27,32,10898,toyota,4,4,1999,0.038111019
161,-1,65,toyota,gas,std,four,hatchback,Front Wheel Drive,front,102.4,175.6,66.5,53.9,2458,ohc,four,122,mpfi,3.31,3.54,8.7,92,4200,27,32,11248,toyota,4,4,1999,0.037428804
162,3,197,toyota,gas,std,two,hatchback,Rear Wheel Drive,front,102.9,183.5,67.7,52,2976,dohc,six,171,mpfi,3.27,3.35,9.3,161,5200,20,24,16558,toyota,2,6,2802,0.054099462
163,3,197,toyota,gas,std,two,hatchback,Rear Wheel Drive,front,102.9,183.5,67.7,52,3016,dohc,six,171,mpfi,3.27,3.35,9.3,161,5200,19,24,15998,toyota,2,6,2802,0.053381963
164,-1,90,toyota,gas,std,four,sedan,Rear Wheel Drive,front,104.5,187.8,66.5,54.1,3131,dohc,six,171,mpfi,3.27,3.35,9.2,156,5200,20,24,15690,toyota,4,6,2802,0.049824337
165,-1,110.2903226,toyota,gas,std,four,wagon,Rear Wheel Drive,front,104.5,187.8,66.5,54.1,3151,dohc,six,161,mpfi,3.27,3.35,9.2,156,5200,19,24,15750,toyota,4,6,2638,0.049508093
166,2,122,volkswagen,diesel,std,two,sedan,Front Wheel Drive,front,97.3,171.7,65.5,55.7,2261,ohc,four,97,idi,3.01,3.4,23,52,4800,37,46,7775,volkswagen,2,4,1589,0.022998673
167,2,122,volkswagen,gas,std,two,sedan,Front Wheel Drive,front,97.3,171.7,65.5,55.7,2209,ohc,four,109,mpfi,3.19,3.4,9,85,5250,27,34,7975,volkswagen,2,4,1786,0.03847895
168,2,94,volkswagen,diesel,std,four,sedan,Front Wheel Drive,front,97.3,171.7,65.5,55.7,2264,ohc,four,97,idi,3.01,3.4,23,52,4800,37,46,7995,volkswagen,4,4,1589,0.022968198
169,2,94,volkswagen,gas,std,four,sedan,Front Wheel Drive,front,97.3,171.7,65.5,55.7,2212,ohc,four,109,mpfi,3.19,3.4,9,85,5250,27,34,8195,volkswagen,4,4,1786,0.038426763
170,2,94,volkswagen,gas,std,four,sedan,Front Wheel Drive,front,97.3,171.7,65.5,55.7,2275,ohc,four,109,mpfi,3.19,3.4,9,85,5250,27,34,8495,volkswagen,4,4,1786,0.037362637
171,2,94,volkswagen,diesel,turbo,four,sedan,Front Wheel Drive,front,97.3,171.7,65.5,55.7,2319,ohc,four,97,idi,3.01,3.4,23,68,4500,37,42,9495,volkswagen,4,4,1589,0.029322984
172,2,94,volkswagen,gas,std,four,sedan,Front Wheel Drive,front,97.3,171.7,65.5,55.7,2300,ohc,four,109,mpfi,3.19,3.4,10,100,5500,26,32,9995,volkswagen,4,4,1786,0.043478261
173,3,121.25,volkswagen,gas,std,two,convertible,Front Wheel Drive,front,94.5,159.3,64.2,55.6,2254,ohc,four,109,mpfi,3.19,3.4,8.5,90,5500,24,29,11595,volkswagen,2,4,1786,0.039929015
174,3,256,volkswagen,gas,std,two,hatchback,Front Wheel Drive,front,94.5,165.7,64,51.4,2221,ohc,four,109,mpfi,3.19,3.4,8.5,90,5500,24,29,9980,volkswagen,2,4,1786,0.040522287
175,0,121.25,volkswagen,gas,std,four,sedan,Front Wheel Drive,front,100.4,180.2,66.9,55.1,2661,ohc,five,136,mpfi,3.19,3.4,8.5,110,5500,19,24,13295,volkswagen,4,5,2228,0.041337843
176,0,121.25,volkswagen,diesel,turbo,four,sedan,Front Wheel Drive,front,100.4,180.2,66.9,55.1,2579,ohc,four,97,idi,3.01,3.4,23,68,4500,33,38,13845,volkswagen,4,4,1589,0.026366809
177,0,121.25,volkswagen,gas,std,four,wagon,Front Wheel Drive,front,100.4,183.1,66.9,55.1,2563,ohc,four,109,mpfi,3.19,3.4,9,88,5500,25,31,12290,volkswagen,4,4,1786,0.034334764
178,-2,103,volvo,gas,std,four,sedan,Rear Wheel Drive,front,104.3,188.8,67.2,56.2,2912,ohc,four,141,mpfi,3.78,3.15,9.5,114,5400,23,28,12940,,4,4,2310,0.039148352
179,-1,74,volvo,gas,std,four,wagon,Rear Wheel Drive,front,104.3,188.8,67.2,57.5,3034,ohc,four,141,mpfi,3.78,3.15,9.5,114,5400,23,28,13415,,4,4,2310,0.03757416
180,-2,103,volvo,gas,std,four,sedan,Rear Wheel Drive,front,104.3,188.8,67.2,56.2,2935,ohc,four,141,mpfi,3.78,3.15,9.5,114,5400,24,28,15985,,4,4,2310,0.038841567
181,-1,74,volvo,gas,std,four,wagon,Rear Wheel Drive,front,104.3,188.8,67.2,57.5,3042,ohc,four,141,mpfi,3.78,3.15,9.5,114,5400,24,28,16515,,4,4,2310,0.037475345
182,-2,103,volvo,gas,turbo,four,sedan,Rear Wheel Drive,front,104.3,188.8,67.2,56.2,3045,ohc,four,130,mpfi,3.62,3.15,7.5,162,5100,17,22,18420,,4,4,2130,0.05320197
183,-1,74,volvo,gas,turbo,four,wagon,Rear Wheel Drive,front,104.3,188.8,67.2,57.5,3157,ohc,four,130,mpfi,3.62,3.15,7.5,162,5100,17,22,18950,,4,4,2130,0.051314539
184,-1,95,volvo,gas,std,four,sedan,Rear Wheel Drive,front,109.1,188.8,68.9,55.5,2952,ohc,four,141,mpfi,3.78,3.15,9.5,114,5400,23,28,16845,,4,4,2310,0.038617886
185,-1,95,volvo,gas,turbo,four,sedan,Rear Wheel Drive,front,109.1,188.8,68.8,55.5,3049,ohc,four,141,mpfi,3.78,3.15,8.7,160,5300,19,25,19045,,4,4,2310,0.052476222
186,-1,95,volvo,gas,std,four,sedan,Rear Wheel Drive,front,109.1,188.8,68.9,55.5,3012,ohcv,six,173,mpfi,3.58,2.87,8.8,134,5500,18,23,21485,,4,6,2834,0.044488712
187,-1,95,volvo,diesel,turbo,four,sedan,Rear Wheel Drive,front,109.1,188.8,68.9,55.5,3217,ohc,six,145,idi,3.01,3.4,23,106,4800,26,27,22470,,4,6,2376,0.032949953
188,-1,95,volvo,gas,turbo,four,sedan,Rear Wheel Drive,front,109.1,188.8,68.9,55.5,3062,ohc,four,141,mpfi,3.78,3.15,9.5,114,5400,19,25,22625,,4,4,2310,0.037230568
